{"cameraMode":{"drawMode":0,"name":"Shaded","section":"Shading Mode"},"sceneLighting":false,"audioPlay":false,"sceneViewState":{"showFog":false,"showMaterialUpdate":false,"showSkybox":true,"showFlares":false,"showImageEffects":false,"showParticleSystems":false},"in2DMode":false,"pivot":{"x":1.4369280338287354,"y":-0.3756883144378662,"z":-1.3904070854187012},"rotation":{"x":0.17624802887439729,"y":-0.038383010774850848,"z":0.006877976935356855,"w":0.9835752248764038},"size":5.6051130294799809,"orthographic":false}